{"TF-IDF": 0.6040766241019483, "GRU": 0.5492204970407695, "LogReg_Bert": 0.35641602474323064}