{"TF-IDF": 0.6040766241019483, "GRU": [0.49757041342914365, 0.5617817234264191], "LogReg_Bert": 0.35641602474323064}